threshold,method,time_s_mean,time_s_ci95,speedup_mean,speedup_ci95,caps_mean,best_minz_mean,success_rate,n_evals_mean,gpu_full_evals_mean,cache_hits_mean,pruned_mean,trajectory_match_rate,n_runs
0.04,fast,6.1292299043794625,0.10071715786333807,18.809360343904864,0.3099202040821535,,0.04610711514217144,0.0,40000.0,6400.65,636.4,32962.95,1.0,20
0.04,numpy,115.13265065215528,0.040017614770229984,1.0,0.0,,0.04610711514217143,0.0,40000.0,40000.0,0.0,0.0,1.0,20
0.04,sm,94.45439110260341,0.026542523767631384,1.2189232592312556,0.0002846130182706175,,0.04610711514217143,0.0,40000.0,40000.0,0.0,0.0,1.0,20
0.04,solve,72.61642954105628,0.031660533800257,1.5854910856560047,0.000526341109695137,,0.04610711514217143,0.0,40000.0,40000.0,0.0,0.0,1.0,20
0.04,woodbury,36.27851959640975,0.028886693801987825,3.173583459102794,0.001999692573624375,,0.04610711514217144,0.0,40000.0,40000.0,0.0,0.0,1.0,20
0.04,woodbury_batch,16.28737745565013,0.07235069218891092,7.06948250335941,0.029937957396556712,,0.04610711514217144,0.0,40000.0,40000.0,0.0,0.0,1.0,20
0.045,fast,5.293958530202508,0.6710631268895408,22.13681711633452,3.2512686206985166,14.6,0.04625539154620164,0.25,37232.2,5945.5,587.9,30709.1,1.0,20
0.045,numpy,106.90461672300589,7.941718962814348,1.0,0.0,14.6,0.04625539154620163,0.25,37232.2,37232.2,0.0,0.0,1.0,20
0.045,sm,84.58689775294042,9.125659894176126,1.3218886240737413,0.11340987784206559,14.6,0.04625539154620163,0.25,37232.2,37232.2,0.0,0.0,1.0,20
0.045,solve,67.25913083704654,5.14728884753045,1.591740486071822,0.0060858465299168185,14.6,0.04625539154620163,0.25,37232.2,37232.2,0.0,0.0,1.0,20
0.045,woodbury,32.6131610159995,3.1903418910859895,3.3457126096277308,0.14094914740253223,14.6,0.04625539154620164,0.25,37232.2,37232.2,0.0,0.0,1.0,20
0.045,woodbury_batch,13.98255295600975,1.9994910286850747,9.413438931265329,2.8723140123956354,14.6,0.04625539154620164,0.25,37232.2,37242.5,0.0,0.0,1.0,20
0.05,fast,1.6939379375893622,0.6866386985083466,38.26792020100389,3.3449365984397263,9.473684210526315,0.04944716772273512,0.95,19426.5,3071.05,296.75,16097.2,1.0,20
0.05,numpy,53.81404867949895,10.520881107562767,1.0,0.0,9.473684210526315,0.04944716772273511,0.95,19426.5,19426.5,0.0,0.0,1.0,20
0.05,sm,28.60274004191742,10.716150753172837,2.261978276960298,0.23000052791305325,9.473684210526315,0.04944716772273512,0.95,19426.5,19426.5,0.0,0.0,1.0,20
0.05,solve,33.14977441222872,6.751967449598646,1.6320957211957061,0.008709385702947568,9.473684210526315,0.04944716772273511,0.95,19426.5,19426.5,0.0,0.0,1.0,20
0.05,woodbury,17.415651119040557,4.036497023290605,3.154681319065725,0.06501337747881869,9.473684210526315,0.04944716772273512,0.95,19426.5,19426.5,0.0,0.0,1.0,20
0.05,woodbury_batch,3.104036625853041,2.048197134995029,32.56834436788823,5.879537924652635,9.473684210526315,0.04944716772273512,0.95,19426.5,19465.0,0.0,0.0,1.0,20
