method,threshold,run_id,folder,log_file,status,success,time_to_target_s,caps_at_target,best_minz,stages_completed,final_stage_iterations,run_blocks_in_log
numpy,0.05,1,/tmp/aur_sum.u4wkV2/numpy__THR__0.05/run_1,/tmp/aur_sum.u4wkV2/numpy__THR__0.05/run_1/run_1.log,success,True,196.773,10,0.049944,10,3,1
numpy,0.05,10,/tmp/aur_sum.u4wkV2/numpy__THR__0.05/run_10,/tmp/aur_sum.u4wkV2/numpy__THR__0.05/run_10/run_10.log,success,True,237.4983,11,0.04974,11,14,1
numpy,0.05,11,/tmp/aur_sum.u4wkV2/numpy__THR__0.05/run_11,/tmp/aur_sum.u4wkV2/numpy__THR__0.05/run_11/run_11.log,success,True,191.5632,10,0.048923,10,1,1
numpy,0.05,12,/tmp/aur_sum.u4wkV2/numpy__THR__0.05/run_12,/tmp/aur_sum.u4wkV2/numpy__THR__0.05/run_12/run_12.log,success,True,302.2573,14,0.049985,14,9,1
numpy,0.05,13,/tmp/aur_sum.u4wkV2/numpy__THR__0.05/run_13,/tmp/aur_sum.u4wkV2/numpy__THR__0.05/run_13/run_13.log,success,True,362.5275,16,0.049345,16,13,1
numpy,0.05,14,/tmp/aur_sum.u4wkV2/numpy__THR__0.05/run_14,/tmp/aur_sum.u4wkV2/numpy__THR__0.05/run_14/run_14.log,success,True,365.1645,16,0.049551,16,13,1
numpy,0.05,15,/tmp/aur_sum.u4wkV2/numpy__THR__0.05/run_15,/tmp/aur_sum.u4wkV2/numpy__THR__0.05/run_15/run_15.log,success,True,299.4394,14,0.049724,14,5,1
numpy,0.05,16,/tmp/aur_sum.u4wkV2/numpy__THR__0.05/run_16,/tmp/aur_sum.u4wkV2/numpy__THR__0.05/run_16/run_16.log,success,True,207.0515,10,0.047961,10,5,1
numpy,0.05,17,/tmp/aur_sum.u4wkV2/numpy__THR__0.05/run_17,/tmp/aur_sum.u4wkV2/numpy__THR__0.05/run_17/run_17.log,success,True,226.5106,11,0.047716,11,1,1
numpy,0.05,18,/tmp/aur_sum.u4wkV2/numpy__THR__0.05/run_18,/tmp/aur_sum.u4wkV2/numpy__THR__0.05/run_18/run_18.log,success,True,286.3549,13,0.049909,13,14,1
numpy,0.05,19,/tmp/aur_sum.u4wkV2/numpy__THR__0.05/run_19,/tmp/aur_sum.u4wkV2/numpy__THR__0.05/run_19/run_19.log,failure_or_timeout,False,,,0.050889,20,15,1
numpy,0.05,2,/tmp/aur_sum.u4wkV2/numpy__THR__0.05/run_2,/tmp/aur_sum.u4wkV2/numpy__THR__0.05/run_2/run_2.log,success,True,186.8695,9,0.049792,9,12,1
numpy,0.05,20,/tmp/aur_sum.u4wkV2/numpy__THR__0.05/run_20,/tmp/aur_sum.u4wkV2/numpy__THR__0.05/run_20/run_20.log,success,True,289.2878,14,0.049811,14,1,1
numpy,0.05,3,/tmp/aur_sum.u4wkV2/numpy__THR__0.05/run_3,/tmp/aur_sum.u4wkV2/numpy__THR__0.05/run_3/run_3.log,success,True,235.7575,11,0.048752,11,12,1
numpy,0.05,4,/tmp/aur_sum.u4wkV2/numpy__THR__0.05/run_4,/tmp/aur_sum.u4wkV2/numpy__THR__0.05/run_4/run_4.log,failure_or_timeout,False,,,0.051929,20,15,1
numpy,0.05,5,/tmp/aur_sum.u4wkV2/numpy__THR__0.05/run_5,/tmp/aur_sum.u4wkV2/numpy__THR__0.05/run_5/run_5.log,success,True,397.2336,18,0.049704,18,2,1
numpy,0.05,6,/tmp/aur_sum.u4wkV2/numpy__THR__0.05/run_6,/tmp/aur_sum.u4wkV2/numpy__THR__0.05/run_6/run_6.log,success,True,177.9574,9,0.049806,9,7,1
numpy,0.05,7,/tmp/aur_sum.u4wkV2/numpy__THR__0.05/run_7,/tmp/aur_sum.u4wkV2/numpy__THR__0.05/run_7/run_7.log,success,True,325.3782,15,0.047645,15,7,1
numpy,0.05,8,/tmp/aur_sum.u4wkV2/numpy__THR__0.05/run_8,/tmp/aur_sum.u4wkV2/numpy__THR__0.05/run_8/run_8.log,success,True,394.1749,18,0.049025,18,1,1
numpy,0.05,9,/tmp/aur_sum.u4wkV2/numpy__THR__0.05/run_9,/tmp/aur_sum.u4wkV2/numpy__THR__0.05/run_9/run_9.log,success,True,256.496,12,0.047883,12,11,1
sm,0.05,1,/tmp/aur_sum.u4wkV2/sm__THR__0.05/run_1,/tmp/aur_sum.u4wkV2/sm__THR__0.05/run_1/run_1.log,success,True,734.746,10,0.049944,10,3,1
sm,0.05,10,/tmp/aur_sum.u4wkV2/sm__THR__0.05/run_10,/tmp/aur_sum.u4wkV2/sm__THR__0.05/run_10/run_10.log,success,True,849.7448,11,0.04974,11,14,1
sm,0.05,11,/tmp/aur_sum.u4wkV2/sm__THR__0.05/run_11,/tmp/aur_sum.u4wkV2/sm__THR__0.05/run_11/run_11.log,success,True,593.9779,10,0.048923,10,1,1
sm,0.05,12,/tmp/aur_sum.u4wkV2/sm__THR__0.05/run_12,/tmp/aur_sum.u4wkV2/sm__THR__0.05/run_12/run_12.log,success,True,1290.2364,14,0.049985,14,9,1
sm,0.05,13,/tmp/aur_sum.u4wkV2/sm__THR__0.05/run_13,/tmp/aur_sum.u4wkV2/sm__THR__0.05/run_13/run_13.log,success,True,1736.0099,16,0.049345,16,13,1
sm,0.05,14,/tmp/aur_sum.u4wkV2/sm__THR__0.05/run_14,/tmp/aur_sum.u4wkV2/sm__THR__0.05/run_14/run_14.log,success,True,1739.5304,16,0.049551,16,13,1
sm,0.05,15,/tmp/aur_sum.u4wkV2/sm__THR__0.05/run_15,/tmp/aur_sum.u4wkV2/sm__THR__0.05/run_15/run_15.log,success,True,1246.3516,14,0.049724,14,5,1
sm,0.05,16,/tmp/aur_sum.u4wkV2/sm__THR__0.05/run_16,/tmp/aur_sum.u4wkV2/sm__THR__0.05/run_16/run_16.log,success,True,629.9622,10,0.047961,10,5,1
sm,0.05,17,/tmp/aur_sum.u4wkV2/sm__THR__0.05/run_17,/tmp/aur_sum.u4wkV2/sm__THR__0.05/run_17/run_17.log,success,True,729.8863,11,0.047716,11,1,1
sm,0.05,18,/tmp/aur_sum.u4wkV2/sm__THR__0.05/run_18,/tmp/aur_sum.u4wkV2/sm__THR__0.05/run_18/run_18.log,success,True,1176.444,13,0.049909,13,14,1
sm,0.05,19,/tmp/aur_sum.u4wkV2/sm__THR__0.05/run_19,/tmp/aur_sum.u4wkV2/sm__THR__0.05/run_19/run_19.log,missing_result,False,,,,18,15,1
sm,0.05,2,/tmp/aur_sum.u4wkV2/sm__THR__0.05/run_2,/tmp/aur_sum.u4wkV2/sm__THR__0.05/run_2/run_2.log,success,True,804.1409,9,0.049792,9,12,1
sm,0.05,3,/tmp/aur_sum.u4wkV2/sm__THR__0.05/run_3,/tmp/aur_sum.u4wkV2/sm__THR__0.05/run_3/run_3.log,success,True,1139.066,11,0.048752,11,12,1
sm,0.05,4,/tmp/aur_sum.u4wkV2/sm__THR__0.05/run_4,/tmp/aur_sum.u4wkV2/sm__THR__0.05/run_4/run_4.log,failure_or_timeout,False,,,0.051929,20,15,1
sm,0.05,5,/tmp/aur_sum.u4wkV2/sm__THR__0.05/run_5,/tmp/aur_sum.u4wkV2/sm__THR__0.05/run_5/run_5.log,success,True,2365.6499,18,0.049704,18,2,1
sm,0.05,6,/tmp/aur_sum.u4wkV2/sm__THR__0.05/run_6,/tmp/aur_sum.u4wkV2/sm__THR__0.05/run_6/run_6.log,success,True,522.3775,9,0.049806,9,7,1
sm,0.05,7,/tmp/aur_sum.u4wkV2/sm__THR__0.05/run_7,/tmp/aur_sum.u4wkV2/sm__THR__0.05/run_7/run_7.log,success,True,1452.2344,15,0.047645,15,7,1
sm,0.05,8,/tmp/aur_sum.u4wkV2/sm__THR__0.05/run_8,/tmp/aur_sum.u4wkV2/sm__THR__0.05/run_8/run_8.log,success,True,1988.9852,18,0.049025,18,1,1
sm,0.05,9,/tmp/aur_sum.u4wkV2/sm__THR__0.05/run_9,/tmp/aur_sum.u4wkV2/sm__THR__0.05/run_9/run_9.log,success,True,971.1477,12,0.047883,12,11,1
solve,0.05,1,/tmp/aur_sum.u4wkV2/solve__THR__0.05/run_1,/tmp/aur_sum.u4wkV2/solve__THR__0.05/run_1/run_1.log,success,True,173.0725,10,0.049944,10,3,1
solve,0.05,10,/tmp/aur_sum.u4wkV2/solve__THR__0.05/run_10,/tmp/aur_sum.u4wkV2/solve__THR__0.05/run_10/run_10.log,success,True,301.5429,11,0.04974,11,14,1
solve,0.05,11,/tmp/aur_sum.u4wkV2/solve__THR__0.05/run_11,/tmp/aur_sum.u4wkV2/solve__THR__0.05/run_11/run_11.log,success,True,227.4334,10,0.048923,10,1,1
solve,0.05,12,/tmp/aur_sum.u4wkV2/solve__THR__0.05/run_12,/tmp/aur_sum.u4wkV2/solve__THR__0.05/run_12/run_12.log,success,True,320.9899,14,0.049985,14,9,1
solve,0.05,13,/tmp/aur_sum.u4wkV2/solve__THR__0.05/run_13,/tmp/aur_sum.u4wkV2/solve__THR__0.05/run_13/run_13.log,success,True,435.9629,16,0.049345,16,13,1
solve,0.05,14,/tmp/aur_sum.u4wkV2/solve__THR__0.05/run_14,/tmp/aur_sum.u4wkV2/solve__THR__0.05/run_14/run_14.log,success,True,368.0799,16,0.049551,16,13,1
solve,0.05,15,/tmp/aur_sum.u4wkV2/solve__THR__0.05/run_15,/tmp/aur_sum.u4wkV2/solve__THR__0.05/run_15/run_15.log,success,True,297.0485,14,0.049724,14,5,1
solve,0.05,16,/tmp/aur_sum.u4wkV2/solve__THR__0.05/run_16,/tmp/aur_sum.u4wkV2/solve__THR__0.05/run_16/run_16.log,success,True,249.3818,10,0.047961,10,5,1
solve,0.05,17,/tmp/aur_sum.u4wkV2/solve__THR__0.05/run_17,/tmp/aur_sum.u4wkV2/solve__THR__0.05/run_17/run_17.log,success,True,271.0462,11,0.047716,11,1,1
solve,0.05,18,/tmp/aur_sum.u4wkV2/solve__THR__0.05/run_18,/tmp/aur_sum.u4wkV2/solve__THR__0.05/run_18/run_18.log,success,True,348.9273,13,0.049909,13,14,1
solve,0.05,19,/tmp/aur_sum.u4wkV2/solve__THR__0.05/run_19,/tmp/aur_sum.u4wkV2/solve__THR__0.05/run_19/run_19.log,failure_or_timeout,False,,,0.050889,20,15,1
solve,0.05,2,/tmp/aur_sum.u4wkV2/solve__THR__0.05/run_2,/tmp/aur_sum.u4wkV2/solve__THR__0.05/run_2/run_2.log,success,True,165.3844,9,0.049792,9,12,1
solve,0.05,20,/tmp/aur_sum.u4wkV2/solve__THR__0.05/run_20,/tmp/aur_sum.u4wkV2/solve__THR__0.05/run_20/run_20.log,success,True,267.0219,14,0.049811,14,1,1
solve,0.05,3,/tmp/aur_sum.u4wkV2/solve__THR__0.05/run_3,/tmp/aur_sum.u4wkV2/solve__THR__0.05/run_3/run_3.log,success,True,207.0841,11,0.048752,11,12,1
solve,0.05,4,/tmp/aur_sum.u4wkV2/solve__THR__0.05/run_4,/tmp/aur_sum.u4wkV2/solve__THR__0.05/run_4/run_4.log,failure_or_timeout,False,,,0.051929,20,15,1
solve,0.05,5,/tmp/aur_sum.u4wkV2/solve__THR__0.05/run_5,/tmp/aur_sum.u4wkV2/solve__THR__0.05/run_5/run_5.log,success,True,356.3347,18,0.049704,18,2,1
solve,0.05,6,/tmp/aur_sum.u4wkV2/solve__THR__0.05/run_6,/tmp/aur_sum.u4wkV2/solve__THR__0.05/run_6/run_6.log,success,True,159.8021,9,0.049806,9,7,1
solve,0.05,7,/tmp/aur_sum.u4wkV2/solve__THR__0.05/run_7,/tmp/aur_sum.u4wkV2/solve__THR__0.05/run_7/run_7.log,success,True,299.3176,15,0.047645,15,7,1
solve,0.05,8,/tmp/aur_sum.u4wkV2/solve__THR__0.05/run_8,/tmp/aur_sum.u4wkV2/solve__THR__0.05/run_8/run_8.log,success,True,359.1796,18,0.049025,18,1,1
solve,0.05,9,/tmp/aur_sum.u4wkV2/solve__THR__0.05/run_9,/tmp/aur_sum.u4wkV2/solve__THR__0.05/run_9/run_9.log,success,True,279.1219,12,0.047883,12,11,1
