method,threshold,runs_found,runs_with_results,successes,failures_or_timeouts,success_rate,time_mean_s,time_median_s,time_min_s,time_max_s,caps_mean,caps_min,caps_max,best_minz_mean,best_minz_min,best_minz_max
iterative,0.04,20,20,0,20,0.0,,,,,,,,0.041805999999999996,0.040219,0.044236
numpy,0.04,20,20,0,20,0.0,,,,,,,,0.04198590000000001,0.040534,0.044214
sm,0.04,20,20,0,20,0.0,,,,,,,,0.04198590000000001,0.040534,0.044214
solve,0.04,20,20,0,20,0.0,,,,,,,,0.04198590000000001,0.040534,0.044214
iterative,0.045,20,20,20,0,1.0,226.21618000000004,216.24824999999998,172.7048,295.4401,7.4,6,9,0.044711549999999996,0.043753,0.044978
numpy,0.045,20,20,20,0,1.0,137.20655,129.91315,118.7413,187.2156,7.5,6,10,0.04467405,0.044011,0.044979
sm,0.045,20,20,20,0,1.0,352.21639999999996,316.5988,272.8662,593.1924,7.5,6,10,0.04467405,0.044011,0.044979
solve,0.045,20,20,20,0,1.0,120.54861000000001,113.86189999999999,104.5659,165.4825,7.5,6,10,0.04467405,0.044011,0.044979
iterative,0.05,20,20,20,0,1.0,158.999505,168.11735,132.8705,207.5722,5.7,5,7,0.049423049999999996,0.048341,0.049979
numpy,0.05,20,20,20,0,1.0,95.00991,97.3489,79.3228,122.8441,5.55,5,7,0.0495691,0.048678,0.049948
sm,0.05,20,20,20,0,1.0,187.35726,193.6782,136.3594,283.4135,5.55,5,7,0.0495691,0.048678,0.049948
solve,0.05,20,20,20,0,1.0,83.20053999999999,85.31235,69.2899,107.4475,5.55,5,7,0.0495691,0.048678,0.049948
